amount,transactionType,agentCommission,Float before,Float After ,Commission Before,Commission After,Matching
1000,200 SMS_AIRTEL_VOICE,25.6,,,,,Yes
5000,3DAY_2.2GB_AIRTEL_DATA,128,,,,,No
10000,4G_SMART_CONNECT_WEEKLY_5GB_AIRTEL_DATA,256,,,,,
2000,50_SMS_ZERO_AIRTEL_VOICE,51.2,,,,,
15000,7D_DSTV_ACCESS,129.914085,,,,,
39000,7D_DSTV_COMPACT,337.776621,,,,,
24000,7D_DSTV_FAMILY,207.862536,,,,,
5500,7D_DSTV_LUMBA,47.6351645,,,,,
5000,7D_LITE_GOTV,43.304695,,,,,
18500,7D_MAX_GOTV,160.2273715,,,,,
24000,7D_SUPA_GOTV,207.862536,,,,,
7500,7D_VALUE_GOTV,64.9570425,,,,,
30000,ALL NET VOICE CHILLAX_1300 MINS_AIRTEL_VOICE,768,,,,,
10000,ALL NET VOICE CHILLAX_200 MINS_AIRTEL_VOICE,256,,,,,
50000,ALL NET VOICE CHILLAX_2500 MINS_50K_AIRTEL_VOICE,1280,,,,,
75000,ALL NET VOICE CHILLAX_4500 MINS_75K_AIRTEL_VOICE,1920,,,,,
5000,ALL NET VOICE CHILLAX_90 MINS_AIRTEL_VOICE,128,,,,,
1000,BOONA DAILY_1000_AIRTEL_VOICE,25.6,,,,,
2000,BOONA DAILY_2000_AIRTEL_VOICE,51.2,,,,,
20000,BOONA MONTHLY_20000_AIRTEL_VOICE,512,,,,,
30000,BOONA MONTHLY_30000_AIRTEL_VOICE,768,,,,,
2500,BOONA WEEKLY_2500_AIRTEL_VOICE,64,,,,,
5000,BOONA WEEKLY_5000_AIRTEL_VOICE,128,,,,,
5000,CHILLAX 1.3GB_AIRTEL_DATA,128,,,,,
1000,CHILLAX 100MB_AIRTEL_DATA,25.6,,,,,
50000,CHILLAX 17GB_AIRTEL_DATA,1280,,,,,
7500,CHILLAX 2GB_AIRTEL_DATA,192,,,,,
16000,CHILLAX 5GB_AIRTEL_DATA,409.6,,,,,
25000,CHILLAX 8GB_AIRTEL_DATA,640,,,,,
2000,DAILY 2000_1_AIRTEL_VOICE,51.2,,,,,
3000,DAILY_1.5GB_AIRTEL_DATA,76.8,,,,,
1000,DAILY_180MB_AIRTEL_DATA,25.6,,,,,
2000,DAILY_1GB_LYCA_DATA,55.92,,,,,
750,DAILY_250MB_LYCA_DATA,20.97,,,,,
250,DAILY_30MB_AIRTEL_DATA,6.4,,,,,
1000,DAILY_400MB_LYCA_DATA,27.96,,,,,
2000,DAILY_500MB_TV_PHONE_AIRTEL_DATA,51.2,,,,,
500,DAILY_70MB_PHONE_AIRTEL_DATA,12.8,,,,,
2000,DAILY_750MB_PHONE_AIRTEL_DATA,51.2,,,,,
3000,ILD_EAF_10_AIRTEL_VOICE,76.8,,,,,
25000,ILD_EAF_95_AIRTEL_VOICE,640,,,,,
3000,ILD_EUR_10_AIRTEL_VOICE,76.8,,,,,
2000,ILD_USA_10_AIRTEL_VOICE,51.2,,,,,
500,KAWA COMBO_500_AIRTEL_VOICE,12.8,,,,,
10000,"MONTHLY 10,000-600 MINS_AIRTEL_VOICE",256,,,,,
30000,"MONTHLY 30,000- 2000 MINS_AIRTEL_VOICE",768,,,,,
5000,MONTHLY_1.5GB_LYCA_DATA,139.8,,,,,
100000,MONTHLY_100GB_LYCA_DATA,2796,,,,,
15000,MONTHLY_10GB_LYCA_DATA,419.4,,,,,
30000,MONTHLY_12.5GB_AIRTEL_DATA,768,,,,,
20000,MONTHLY_20GB_LYCA_DATA,559.2,,,,,
50000,MONTHLY_22GB_AIRTEL_DATA,1280,,,,,
30000,MONTHLY_25GB_LYCA_DATA,838.8,,,,,
10000,MONTHLY_3.5GB_AIRTEL_DATA,256,,,,,
10000,MONTHLY_4GB_LYCA_DATA,279.6,,,,,
50000,MONTHLY_50GB_LYCA_DATA,1398,,,,,
5000,NACT_UG_Data_675,148.2198,,,,,
15000,NACT_UG_Data_676,444.6594,,,,,
50000,NACT_UG_Data_677,1482.198,,,,,
100000,NACT_UG_Data_678,2964.396,,,,,
25000,NACT_UG_Data_679,741.099,,,,,
1000,200MTNSMSAWEEK_MTN_DATA,29.64396,,,,,
600,100MTNSMSADAY_MTN_DATA,17.786376,,,,,
30000,1250MINS_MTN_VOICE,889.3188,,,,,
50000,2700MINS_MTN_VOICE,1482.198,,,,,
7500,NEW_WEEKLY SUPA COMBO_AIRTEL_DATA,192,,,,,
2000,NIGHT_2GB_PHONE_AIRTEL_DATA,51.2,,,,,
300,PAKA_NIGHT_AIRTEL_VOICE,7.68,,,,,
1000,PAKALAST COMBO_1000_AIRTEL_VOICE,25.6,,,,,
500,80MB_DAILY_MTN_DATA,14.82198,,,,,
1000,180MB_DAILY_MTN_DATA,29.64396,,,,,
2000,400MB_DAILY_MTN_DATA,59.28792,,,,,
4000,5GBGAGATIME_MTN_DATA,118.57584,,,,,
2000,2GBGAGATIME_MTN_DATA,59.28792,,,,,
10000,1.5GB_WEEKLY_MTN_DATA,296.4396,,,,,
28000,5GB_WEEKLY_MTN_DATA,830.03088,,,,,
6500,MONTHLY512MB_MTN_DATA,192.68574,,,,,
10000,MONTHLY1.5GB_MTN_DATA,296.4396,,,,,
50000,22GB_MONTHLY_MTN_DATA,1482.198,,,,,
100000,30GB_MONTHLY_MTN_DATA,2964.396,,,,,
170000,RACT_UG_DATA_833_MTN_DATA,5039.4732,,,,,
1000,20MINUTESDAILY_MTN_VOICE,29.64396,,,,,
2000,60MINUTESDAILY_MTN_VOICE,59.28792,,,,,
700,10MINUTESDAILY_MTN_VOICE,20.750772,,,,,
500,6MINUTESDAILY_MTN_VOICE,14.82198,,,,,
35000,2400MINUTESMONTHLY_MTN_VOICE,1037.5386,,,,,
50000,4500MINUTESMONTHLY_MTN_VOICE,1482.198,,,,,
5000,125MINUTESMONTHLY_MTN_VOICE,148.2198,,,,,
10000,300MINUTESMONTHLY_MTN_VOICE,296.4396,,,,,
20000,1000MINS_MTN_VOICE,592.8792,,,,,
1400,STU16,100,,,,,
4500,STU17,100,,,,,
14000,STU18,400,,,,,
1600,STU19,100,,,,,
5000,STU20,100,,,,,
16000,STU21,400,,,,,
2100,STU4,100,,,,,
7000,STU5,200,,,,,
21000,STU6,750,,,,,
3600,STU7,100,,,,,
13000,STU8,400,,,,,
36000,STU9,750,,,,,
50000,VOICE CHILLAX_3000 MINS_AIRTEL_VOICE,1280,,,,,
75000,VOICE CHILLAX_5000 MINS_AIRTEL_VOICE,1920,,,,,
2000,WEEKLY 2000-45MINS_AIRTEL_VOICE,51.2,,,,,
5000,WEEKLY_1.76GB_AIRTEL_DATA,128,,,,,
25000,WEEKLY_11GB_AIRTEL_DATA,640,,,,,
5000,WEEKLY_2GB_LYCA_DATA,139.8,,,,,
3500,WEEKLY_3500_1_ZERO_AIRTEL_DATA,89.6,,,,,
10000,WEEKLY_5GB_LYCA_DATA,279.6,,,,,
15000,WEEKLY_6.6GB_AIRTEL_DATA,384,,,,,
6000,WEEKLY_6000_1_ZERO_AIRTEL_DATA,153.6,,,,,
8000, ABSA,81,,,,,
337000, ABSA,171,,,,,
650000, ABSA,234,,,,,
1000000, ABSA,234,,,,,
1100000, ABSA,360,,,,,
2000000, ABSA,360,,,,,
3000000, ABSA,477,,,,,
870000, ABSA,234,,,,,
541600, ABSA,234,,,,,
500000, ABSA,171,,,,,
49000,ACCESS_DSTV,424.386011,,,,,
500,AIRTEL_AIRTIME,12.8,,,,,
370000,AIRTEL_AIRTIME,9472,,,,,
270000,AIRTEL_AIRTIME,6912,,,,,
248000,AIRTEL_AIRTIME,6348.8,,,,,
210000,AIRTEL_AIRTIME,5376,,,,,
200000,AIRTEL_AIRTIME,5120,,,,,
150000,AIRTEL_AIRTIME,3840,,,,,
141000,AIRTEL_AIRTIME,3609.6,,,,,
130900,AIRTEL_AIRTIME,3351.04,,,,,
120000,AIRTEL_AIRTIME,3072,,,,,
30000,AZAM_PLUS,129.21,,,,,
7000, BOAU,72,,,,,
351400, BOAU,252,,,,,
577000, BOAU,342,,,,,
1002000, BOAU,486,,,,,
1400000, BOAU,486,,,,,
2500000, BOAU,576,,,,,
435000, BOAU,252,,,,,
370000, BOAU,252,,,,,
300000, BOAU,252,,,,,
280000, BOAU,176.4,,,,,
10000,BOB,189,,,,,
20000,BOB,189,,,,,
30000,BOB,189,,,,,
40000,BOB,189,,,,,
80000,BOB,252,,,,,
260000,BOB,315,,,,,
280000,BOB,315,,,,,
500,airtel Deposit,15.75,,,,,
556000,airtel Deposit,1008,,,,,
1112000,airtel Deposit,1890,,,,,
1680000,airtel Deposit,1890,,,,,
2210000,airtel Deposit,1890,,,,,
2770000,airtel Deposit,1890,,,,,
3360000,airtel Deposit,1890,,,,,
4000000,airtel Deposit,1890,,,,,
4500000,airtel Deposit,1890,,,,,
5000000,airtel Deposit,1890,,,,,
500,mtn Deposit,12.6,,,,,
556000,mtn Deposit,1008,,,,,
1110000,mtn Deposit,1890,,,,,
1667700,mtn Deposit,1890,,,,,
2200000,mtn Deposit,1953,,,,,
2775000,mtn Deposit,1953,,,,,
3330000,mtn Deposit,1953,,,,,
3850000,mtn Deposit,1953,,,,,
4400000,mtn Deposit,1953,,,,,
5000000,mtn Deposit,1953,,,,,
500,airtel Withdraw,63,,,,,
445000,airtel Withdraw,1386,,,,,
890000,airtel Withdraw,2772,,,,,
1330000,airtel Withdraw,2772,,,,,
1780000,airtel Withdraw,2772,,,,,
2200000,airtel Withdraw,2835,,,,,
2700000,airtel Withdraw,2835,,,,,
3110400,airtel Withdraw,2835,,,,,
3540000,airtel Withdraw,2835,,,,,
4000000,airtel Withdraw,2835,,,,,
500,mtn Withdraw,63,,,,,
445000,mtn Withdraw,1260,,,,,
889000,mtn Withdraw,2457,,,,,
1330000,mtn Withdraw,2772,,,,,
1776000,mtn Withdraw,2772,,,,,
2200000,mtn Withdraw,2898,,,,,
2675000,mtn Withdraw,2898,,,,,
3200000,mtn Withdraw,2898,,,,,
3585000,mtn Withdraw,2898,,,,,
4000000,mtn Withdraw,2898,,,,,
7000,CBU,270,,,,,
10000,CBU,270,,,,,
93000,CBU,360,,,,,
105000,CBU,360,,,,,
555000,CBU,540,,,,,
7000,CENT,305,,,,,
330000,CENT,305,,,,,
660000,CENT,305,,,,,
1005000,CENT,305,,,,,
1420000,CENT,305,,,,,
1600000,CENT,305,,,,,
2002000,CENT,305,,,,,
2172000,CENT,305,,,,,
2702000,CENT,305,,,,,
3002000,CENT,305,,,,,
500,Float Top-up,0,,,,,
111799.3657,Float Top-up,0,,,,,
225989.8592,Float Top-up,0,,,,,
317642.8068,Float Top-up,0,,,,,
454360.8068,Float Top-up,0,,,,,
584751.7656,Float Top-up,0,,,,,
512751.7656,Float Top-up,0,,,,,
490000,Float Top-up,0,,,,,
424730.3042,Float Top-up,0,,,,,
424554.7656,Float Top-up,0,,,,,
120000,COMPACT_DSTV,1039.31268,,,,,
185000,COMPACT_PLUS_DSTV,1602.273715,,,,,
7000,DFCU,305,,,,,
350000,DFCU,305,,,,,
610000,DFCU,305,,,,,
1002000,DFCU,305,,,,,
1362000,DFCU,305,,,,,
1502000,DFCU,305,,,,,
2002000,DFCU,305,,,,,
2432000,DFCU,305,,,,,
2510000,DFCU,305,,,,,
3002000,DFCU,305,,,,,
10000,DTB,216,,,,,
300000,DTB,234,,,,,
650000,DTB,342,,,,,
1000000,DTB,342,,,,,
1500000,DTB,396,,,,,
780000,DTB,342,,,,,
750000,DTB,342,,,,,
700000,DTB,342,,,,,
590000,DTB,342,,,,,
500000,DTB,288,,,,,
7000,ECO,120.6,,,,,
100000,ECO,221.4,,,,,
115000,ECO,221.4,,,,,
7000,EQU,305,,,,,
350000,EQU,305,,,,,
653100,EQU,305,,,,,
1002000,EQU,305,,,,,
1292000,EQU,305,,,,,
1733000,EQU,305,,,,,
2002000,EQU,305,,,,,
2200000,EQU,305,,,,,
2702000,EQU,305,,,,,
3000000,EQU,305,,,,,
10000,EXIM,245.7,,,,,
15000,EXIM,245.7,,,,,
20000,EXIM,245.7,,,,,
60000,EXIM,245.7,,,,,
1502000,EXIM,434.7,,,,,
76000,FAMILY_DSTV,658.231364,,,,,
7000,FTB,360,,,,,
340000,FTB,360,,,,,
600000,FTB,360,,,,,
500000,FTB,360,,,,,
2100000,FTB,360,,,,,
240000,FTB,360,,,,,
100000,FTB,360,,,,,
75000,FTB,360,,,,,
65400,FTB,360,,,,,
52000,FTB,162,,,,,
76000,GOTVSUPA,658.231364,,,,,
12000,HFB,189,,,,,
200000,HFB,333,,,,,
600000,HFB,549,,,,,
1007000,HFB,693,,,,,
1500000,HFB,693,,,,,
1636000,HFB,693,,,,,
2030000,HFB,1152,,,,,
2300000,HFB,1152,,,,,
2700000,HFB,1152,,,,,
3000000,HFB,1152,,,,,
10000,IMBUL,129.6,,,,,
105000,IMBUL,216,,,,,
140000,IMBUL,189,,,,,
210000,IMBUL,270,,,,,
220000,IMBUL,270,,,,,
250000,IMBUL,270,,,,,
343000,IMBUL,324,,,,,
450000,IMBUL,226.8,,,,,
10000,KCB,163.8,,,,,
102000,KCB,214.2,,,,,
200000,KCB,252,,,,,
15000,LITE_GOTV,129.914085,,,,,
500,LYCA_AIRTIME,13.98,,,,,
100000,LYCA_AIRTIME,2796,,,,,
50000,LYCA_AIRTIME,1398,,,,,
30000,LYCA_AIRTIME,838.8,,,,,
25000,LYCA_AIRTIME,699,,,,,
22000,LYCA_AIRTIME,615.12,,,,,
21000,LYCA_AIRTIME,587.16,,,,,
20500,LYCA_AIRTIME,573.18,,,,,
20000,LYCA_AIRTIME,559.2,,,,,
19500,LYCA_AIRTIME,545.22,,,,,
58000,MAX_GOTV,502.334462,,,,,
500,MTN_AIRTIME,14.82198,,,,,
300000,MTN_AIRTIME,8893.188,,,,,
287000,MTN_AIRTIME,8507.81652,,,,,
280000,MTN_AIRTIME,8300.3088,,,,,
260000,MTN_AIRTIME,7707.4296,,,,,
240000,MTN_AIRTIME,7114.5504,,,,,
200000,MTN_AIRTIME,5928.792,,,,,
170000,MTN_AIRTIME,5039.4732,,,,,
158000,MTN_AIRTIME,3278.621976,,,,,
155000,MTN_AIRTIME,4594.8138,,,,,
10000,NCBA,171,,,,,
2000000,NCBA,549,,,,,
3000000,NCBA,1053,,,,,
1000,NWSC,37.76,,,,,
413000,NWSC,1480.9,,,,,
710000,NWSC,1775.9,,,,,
705500,NWSC,1775.9,,,,,
663500,NWSC,1775.9,,,,,
400000,NWSC,1480.9,,,,,
386000,NWSC,1480.9,,,,,
355000,NWSC,1480.9,,,,,
352000,NWSC,1480.9,,,,,
330000,NWSC,1480.9,,,,,
7000,OPB,450,,,,,
360000,OPB,450,,,,,
705000,OPB,630,,,,,
1060000,OPB,990,,,,,
1200000,OPB,990,,,,,
1160000,OPB,990,,,,,
625000,OPB,630,,,,,
602000,OPB,630,,,,,
555000,OPB,630,,,,,
485000,OPB,450,,,,,
500,Added Float,0,,,,,
440000,Added Float,0,,,,,
790000,Added Float,0,,,,,
1500000,Added Float,0,,,,,
2000000,Added Float,0,,,,,
1000000,Added Float,0,,,,,
4000000,Added Float,0,,,,,
700000,Added Float,0,,,,,
680000,Added Float,0,,,,,
650000,Added Float,0,,,,,
500,Added Float,0,,,,,
440000,Added Float,0,,,,,
900000,Added Float,0,,,,,
1000000,Added Float,0,,,,,
2000000,Added Float,0,,,,,
2150000,Added Float,0,,,,,
3500000,Added Float,0,,,,,
3600000,Added Float,0,,,,,
810000,Added Float,0,,,,,
800000,Added Float,0,,,,,
1000,$Pay Out,0,,,,,
500000,$Pay Out,0,,,,,
1000000,$Pay Out,0,,,,,
501000,$Pay Out,0,,,,,
280800,$Pay Out,0,,,,,
280000,$Pay Out,0,,,,,
225000,$Pay Out,0,,,,,
205000,$Pay Out,0,,,,,
200000,$Pay Out,0,,,,,
185500,$Pay Out,0,,,,,
800,$Pay Out,0,,,,,
440800,$Pay Out,0,,,,,
891200,$Pay Out,0,,,,,
1332500,$Pay Out,0,,,,,
1800000,$Pay Out,0,,,,,
2100000,$Pay Out,0,,,,,
2501400,$Pay Out,0,,,,,
3001400,$Pay Out,0,,,,,
3501400,$Pay Out,0,,,,,
4000000,$Pay Out,0,,,,,
9000,PBU,65.34,,,,,
302000,PBU,216,,,,,
700000,PBU,307.8,,,,,
1010000,PBU,369,,,,,
1100000,PBU,369,,,,,
1600000,PBU,369,,,,,
2524000,PBU,540,,,,,
3000000,PBU,540,,,,,
1000000,PBU,307.8,,,,,
722000,PBU,307.8,,,,,
30000,pegasus_school_fees,753.1946,,,,,
40000,pegasus_school_fees,753.1946,,,,,
50000,pegasus_school_fees,753.1946,,,,,
100000,pegasus_school_fees,753.1946,,,,,
360000,pegasus_school_fees,753.1946,,,,,
385000,pegasus_school_fees,753.1946,,,,,
45000,PLAY,193.815,,,,,
36000,PLUS_GOTV,311.793804,,,,,
50000,POSTPAID_UMEME,1086.78,,,,,
460000,POSTPAID_UMEME,1480.9,,,,,
829000,POSTPAID_UMEME,1775.9,,,,,
1309000,POSTPAID_UMEME,2070.9,,,,,
1007100,POSTPAID_UMEME,2070.9,,,,,
715000,POSTPAID_UMEME,1775.9,,,,,
365300,POSTPAID_UMEME,1480.9,,,,,
365000,POSTPAID_UMEME,1480.9,,,,,
350000,POSTPAID_UMEME,1480.9,,,,,
320000,POSTPAID_UMEME,1480.9,,,,,
900,PREPAID_UMEME,177,,,,,
400000,PREPAID_UMEME,3274.5,,,,,
900000,PREPAID_UMEME,4749.5,,,,,
800000,PREPAID_UMEME,4749.5,,,,,
600000,PREPAID_UMEME,4749.5,,,,,
500000,PREPAID_UMEME,3274.5,,,,,
312500,PREPAID_UMEME,3274.5,,,,,
300000,PREPAID_UMEME,3274.5,,,,,
290000,PREPAID_UMEME,3274.5,,,,,
255300,PREPAID_UMEME,3274.5,,,,,
13000,PURE,55.991,,,,,
50000,REGISTRATION_AIRTEL,0,,,,,
50000,REGISTRATION_MTN,0,,,,,
5000,SCHOOL_PAY,753,,,,,
440000,SCHOOL_PAY,753,,,,,
800000,SCHOOL_PAY,753,,,,,
1410000,SCHOOL_PAY,753,,,,,
1500000,SCHOOL_PAY,753,,,,,
1200000,SCHOOL_PAY,753,,,,,
740000,SCHOOL_PAY,753,,,,,
700000,SCHOOL_PAY,753,,,,,
520000,SCHOOL_PAY,753,,,,,
510000,SCHOOL_PAY,753,,,,,
1000,Float sent,0,,,,,
443000,Float sent,0,,,,,
880000,Float sent,0,,,,,
1334500,Float sent,0,,,,,
1731000,Float sent,0,,,,,
2200000,Float sent,0,,,,,
2700000,Float sent,0,,,,,
3100000,Float sent,0,,,,,
4000000,Float sent,0,,,,,
3000000,Float sent,0,,,,,
7000,STAN,360,,,,,
300000,STAN,360,,,,,
865000,STAN,360,,,,,
1002000,STAN,360,,,,,
950000,STAN,360,,,,,
2000000,STAN,360,,,,,
900000,STAN,360,,,,,
400000,STAN,360,,,,,
250000,STAN,360,,,,,
200000,STAN,360,,,,,
7000,STANBIC,305,,,,,
330000,STANBIC,305,,,,,
662800,STANBIC,305,,,,,
1002000,STANBIC,305,,,,,
1350000,STANBIC,305,,,,,
1570000,STANBIC,305,,,,,
2002000,STANBIC,305,,,,,
2130000,STANBIC,305,,,,,
2990000,STANBIC,305,,,,,
3002000,STANBIC,305,,,,,
60000,TB,114.84,,,,,
302000,TB,423,,,,,
1002000,TB,675,,,,,
8000,TUGENDE,355.8,,,,,
307000,TUGENDE,889.8,,,,,
975000,TUGENDE,1245.6,,,,,
202000,TUGENDE,711.6,,,,,
198000,TUGENDE,711.6,,,,,
189500,TUGENDE,711.6,,,,,
150000,TUGENDE,711.6,,,,,
100000,TUGENDE,711.6,,,,,
81300,TUGENDE,711.6,,,,,
44900,TUGENDE,462.6,,,,,
8000,UBA,117,,,,,
300000,UBA,252,,,,,
700000,UBA,414,,,,,
52000,UBA,117,,,,,
22000,UBA,117,,,,,
21000,UBA,117,,,,,
19500,UBA,117,,,,,
17000,UBA,117,,,,,
15000,UBA,117,,,,,
14000,UBA,117,,,,,
10000,UMFI,180,,,,,
20000,UMFI,180,,,,,
100000,UMFI,180,,,,,
406000,UMFI,180,,,,,
417000,UMFI,180,,,,,
5000,URADPQT20162,114.6,,,,,
540000,URADPQT20162,2250,,,,,
500000,URADPQT20162,1858.8,,,,,
2786608,URADPQT20162,4029.6,,,,,
495000,URADPQT20162,1301.16,,,,,
442300,URADPQT20162,1858.8,,,,,
435000,URADPQT20162,1858.8,,,,,
429792,URADPQT20162,1858.8,,,,,
425842,URADPQT20162,1858.8,,,,,
374400,URADPQT20162,1858.8,,,,,
500,UTL_AIRTIME,14.675,,,,,
600,UTL_AIRTIME,17.61,,,,,
800,UTL_AIRTIME,23.48,,,,,
1000,UTL_AIRTIME,29.35,,,,,
2000,UTL_AIRTIME,58.7,,,,,
3000,UTL_AIRTIME,88.05,,,,,
4000,UTL_AIRTIME,117.4,,,,,
5000,UTL_AIRTIME,146.75,,,,,
8000,UTL_AIRTIME,234.8,,,,,
10000,UTL_AIRTIME,293.5,,,,,
22000,VALUE_GOTV,190.540658,,,,,
1000,WENRECO20182,105.02,,,,,
196000,WENRECO20182,1329.86,,,,,
28000,WENRECO20182,699.74,,,,,
27000,WENRECO20182,699.74,,,,,
23000,WENRECO20182,699.74,,,,,
20000,WENRECO20182,420.08,,,,,
18800,WENRECO20182,420.08,,,,,
15000,WENRECO20182,420.08,,,,,
14000,WENRECO20182,420.08,,,,,
13500,WENRECO20182,420.08,,,,,
